Sequence	Label	Length	ID	Sequence_idx
YYY	0	3	0	0
YYGSNSA	1	7	1	1
YYG	0	3	2	2
YY	0	2	3	3
YVVFKD	1	6	4	4
YVGDEAQSKRG	1	11	5	5
YVDPNVLPE	1	9	6	6
YSTHPHF	1	7	7	7
YRNTQAILK	1	9	8	8
YQQPVLGPVRGPFPI	0	15	9	9
YQQKPVAL	0	8	10	10
YQEPVLGPVRGPFPI	0	15	11	11
YQEPVLGPVRGPFP	0	14	12	12
YPVEPFTER	0	9	13	13
YPGIADRMQK	1	10	14	14
YPFPGPIPNS	0	10	15	15
YPFPGPIPN	0	9	16	16
YPFPGPIHNS	0	10	17	17
YPFPGPIHN	0	9	18	18
YPFPGPI	0	7	19	19
YPF	0	3	20	20
YP	0	2	21	21
YNEYPPLGR	1	9	22	22
YNEDNGIVK	0	9	23	23
YLGYLEQLLR	0	10	24	24
YLEQLLR	0	7	25	25
YLASCLSSVKEEK	1	13	26	26
YL	0	2	27	27
YKCKDGDLR	1	9	28	28
YGY	0	3	29	29
YGLF	0	4	30	30
YGGTPPFV	1	8	31	31
YGGTPFV	0	7	32	32
YGG	0	3	33	33
YGESDL	1	6	34	34
YG	0	2	35	35
YF	0	2	36	36
YEGNS	0	5	37	37
YEEE	1	4	38	38
YEED	1	4	39	39
YEAFVK	1	6	40	40
YE	0	2	41	41
YDTELKLPEESN	1	12	42	42
YDSTHGRFKGEVK	1	13	43	43
YDQ	1	3	44	44
YDAELS	1	6	45	45
YADSNIQINGTDR	1	13	46	46
Y	1	1	47	47
WWW	0	3	48	48
WW	0	2	49	49
WVNEEDHL	1	8	50	50
WPEMDAL	0	7	51	51
WPAGE	1	5	52	52
WP	0	2	53	53
WNNDAFQSSTN	1	11	54	54
WL	0	2	55	55
WGSEPIRIQ	1	9	56	56
WGDL	1	4	57	57
WGDDP	1	5	58	58
WFKDEEF	1	7	59	59
WF	0	2	60	60
WEEF	1	4	61	61
WE	0	2	62	62
WDL	0	3	63	63
WDDMEKIWH	1	9	64	64
WDDMEK	1	6	65	65
W	0	1	66	66
VYPFPPIGNH	0	10	67	67
VYPFPPGINH	0	10	68	68
VYPFPPGIGG	0	10	69	69
VYPFPPGI	0	8	70	70
VYPFPPG	0	7	71	71
VYPFPGPIPN	0	10	72	72
VYPFGGGINH	0	10	73	73
VYPF	0	4	74	74
VYP	0	3	75	75
VYETPDR	1	7	76	76
VY	0	2	77	77
VVYPWTQRF	0	9	78	78
VVVV	0	4	79	79
VVVPPFLQP	0	9	80	80
VVVPPFL	0	7	81	81
VVVPP	0	5	82	82
VVVGTPGRVF	1	10	83	83
VVV	0	3	84	84
VVPPFL	0	6	85	85
VVLNPVARVE	1	10	86	86
VVGET	1	5	87	87
VVEGEPSLK	1	9	88	88
VVDVLHPN	0	8	89	89
VVAPFPEV	0	8	90	90
VVAPFPE	0	7	91	91
VVAPFP	0	6	92	92
VV	1	2	93	93
VTADESQQDVLK	1	12	94	94
VTADESQQDVLF	1	12	95	95
VT	1	2	96	96
VRSY	1	4	97	97
VRPPIIVGD	0	9	98	98
VRGPR	1	5	99	99
VRGPFP	0	6	100	100
VR	0	2	101	101
VQPEDNKGVFQ	1	11	102	102
VPY	1	3	103	103
VPVDILDHDNN	1	11	104	104
VPPFLQPE	0	8	105	105
VPPFLQ	0	6	106	106
VPPFLE	0	6	107	107
VPPFL	0	5	108	108
VPNSAEER	0	8	109	109
VPLGTQYTDAPSF	0	13	110	110
VPGGQEIKDR	0	10	111	111
VPGEIVESL	0	9	112	112
VPEPEPH	1	7	113	113
VPAFLRQARCFS	1	12	114	114
VPA	0	3	115	115
VP	0	2	116	116
VNVDEVGGEALGR	1	13	117	117
VNFDGEI	1	7	118	118
VLVLDTDYKK	1	10	119	119
VLTHGEDKEGE	1	11	120	120
VLPVPQKAVPYPQ	0	13	121	121
VLPVPQK	1	7	122	122
VLPVPQ	0	6	123	123
VLPTDQNFILR	1	11	124	124
VLALEELLAMPEN	1	13	125	125
VL	0	2	126	126
VKKVFK	1	6	127	127
VKEAMAPK	0	8	128	128
VIVK	1	4	129	129
VIPFPGR	0	7	130	130
VIIPFPGR	0	8	131	131
VIIPFPG	0	7	132	132
VIILIH	1	6	133	133
VIIIIH	1	6	134	134
VIIGGGDTAT	0	10	135	135
VIGGPQGDAG	0	10	136	136
VIFPPGR	0	7	137	137
VIFPPG	0	6	138	138
VIFGETLTGR	0	10	139	139
VIF	0	3	140	140
VIEPLDIGDDKVR	0	13	141	141
VIDNDPRS	1	8	142	142
VI	0	2	143	143
VHNEGLPAPIVR	0	12	144	144
VGYDAE	1	6	145	145
VGV	0	3	146	146
VGPDDDEKSW	1	10	147	147
VGNEFVTKG	1	9	148	148
VGKGAHLSGEH	1	11	149	149
VGG	1	3	150	150
VG	1	2	151	151
VFGKEKVNEL	0	10	152	152
VFEWENFAK	0	9	153	153
VFDISNADRLG	0	11	154	154
VF	1	2	155	155
VEVVALND	1	8	156	156
VEV	1	3	157	157
VESQTNGIIR	0	10	158	158
VES	1	3	159	159
VENQQLAL	1	8	160	160
VENLHLPLPLLQSW	0	14	161	161
VENLHLPLPLL	0	11	162	162
VEL	1	3	163	163
VEH	1	3	164	164
VEESRPGAIA	1	10	165	165
VEDEDEKPKEK	1	11	166	166
VEAL	1	4	167	167
VE	1	2	168	168
VDW	1	3	169	169
VDV	1	3	170	170
VDRL	1	4	171	171
VDR	1	3	172	172
VDNIPVGPN	0	9	173	173
VDFDDLHR	1	8	174	174
VDF	0	3	175	175
VDEYIPTPER	1	10	176	176
VDAMVH	1	6	177	177
VD	1	2	178	178
VAV	1	3	179	179
VAQWRKCL	1	8	180	180
VAQWR	1	5	181	181
VAPFPEVFGKE	0	11	182	182
VAPFPE	0	6	183	183
VAPFP	0	5	184	184
VAPEEHPT	1	8	185	185
VAMNPVDHPH	1	10	186	186
VAEQE	1	5	187	187
VADLMR	1	6	188	188
VA	0	2	189	189
V	0	1	190	190
TYNPR	1	5	191	191
TYNPK	1	5	192	192
TYLPVH	1	6	193	193
TYET	1	4	194	194
TWKE	1	4	195	195
TVPIYEG	1	7	196	196
TVIDAPGHRDFI	1	12	197	197
TVGGILIHFL	1	10	198	198
TVDGPSH	1	7	199	199
TVATFSSSTKPDD	1	13	200	200
TTLPDK	1	6	201	201
TSE	1	3	202	202
TRVKEELE	1	8	203	203
TREQMIHER	1	9	204	204
TR	0	2	205	205
TQTPVVVPPFLQPE	0	14	206	206
TQTPVVVPPFL	0	11	207	207
TPVVVPPFLQPEVM	0	14	208	208
TPPKID	1	6	209	209
TPLVDR	1	6	210	210
TPIVGQPSIPGGPVR	1	15	211	211
TPIPDLP	1	7	212	212
TPELLH	0	6	213	213
TPE	1	3	214	214
TPDLLH	0	6	215	215
TPDFVR	0	6	216	216
TP	0	2	217	217
TNWDDMEKIW	0	10	218	218
TNAPWYK	0	7	219	219
TLTDVEK	1	7	220	220
TLRRCM	1	6	221	221
TLGGPTTL	1	8	222	222
TLFQPSF	1	7	223	223
TIVWNGPPG	0	9	224	224
TIGHVDHGKTTLT	1	13	225	225
THEA	1	4	226	226
TGWVDVK	1	7	227	227
TGS	1	3	228	228
TGLQQGKTYRF	1	11	229	229
TGFLPEEYMK	1	10	230	230
TGESGAGKTVNTKR	1	14	231	231
TGDPEK	1	6	232	232
TGC	1	3	233	233
TG	0	2	234	234
TFYNELRV	0	8	235	235
TFYNELR	1	7	236	236
TFEKP	1	5	237	237
TF	0	2	238	238
TEYSPGP	1	7	239	239
TETKTFTLK	1	9	240	240
TESSSE	1	6	241	241
TERGYSF	1	7	242	242
TEF	1	3	243	243
TEEMEEMRRKL	1	11	244	244
TEDWGR	1	6	245	245
TEALA	1	5	246	246
TE	1	2	247	247
TDVEQEGD	1	8	248	248
TDVENLHLPPLL	0	12	249	249
TDVENLHLPLPL	0	12	250	250
TDVAHR	1	6	251	251
TDLMN	1	5	252	252
TDEE	1	4	253	253
TDDQVDEIIRN	1	11	254	254
TD	1	2	255	255
TAY	1	3	256	256
T	0	1	257	257
SYNPR	1	5	258	258
SWLDGK	1	6	259	259
SVYGSIYAIA	1	10	260	260
SVRIQELEDLLE	1	12	261	261
SVRIQELEDL	1	10	262	262
SVLGDVGITEVFSDR	1	15	263	263
STMLLESER	1	9	264	264
STLDAEVR	1	8	265	265
STHPHF	1	6	266	266
STELFK	1	6	267	267
STAN	1	4	268	268
SSRNEQSR	1	8	269	269
SSRDEQSR	1	8	270	270
SSAVK	1	5	271	271
SR	0	2	272	272
SPVFL	1	5	273	273
SPPTEE	1	6	274	274
SPFSQ	1	5	275	275
SPEEKKEEET	1	10	276	276
SPE	1	3	277	277
SP	0	2	278	278
SNGNE	1	5	279	279
SNGDDE	1	6	280	280
SM	1	2	281	281
SLVYPFPGPIPNSL	0	14	282	282
SLVYPFPGPIHNS	0	13	283	283
SLSSLMK	1	7	284	284
SLGFGGPPGY	1	10	285	285
SLAKGDEE	1	8	286	286
SLADEEKG	1	8	287	287
SLA	0	3	288	288
SL	0	2	289	289
SITRINK	0	7	290	290
SIITPPERQ	0	9	291	291
SIITPPER	0	8	292	292
SIEDVEESRNK	1	11	293	293
SIEDEQRSHSE	1	11	294	294
SGVQ	0	4	295	295
SGN	1	3	296	296
SGDAW	1	5	297	297
SGCVNEL	1	7	298	298
SFG	1	3	299	299
SFEAVEAAPT	1	10	300	300
SFE	1	3	301	301
SF	1	2	302	302
SEYPPLGR	0	8	303	303
SEPSHF	1	6	304	304
SEGR	1	4	305	305
SEGGR	1	5	306	306
SEFKQRY	1	7	307	307
SEETTTGVHH	1	10	308	308
SEEK	1	4	309	309
SEEG	1	4	310	310
SEE	1	3	311	311
SEC	0	3	312	312
SEASNNK	1	7	313	313
SE	1	2	314	314
SDSCIR	1	6	315	315
SDSCI	1	5	316	316
SDRKIPEK	1	8	317	317
SDEERMDAL	1	9	318	318
SD	1	2	319	319
SAEQT	1	5	320	320
SAEQK	1	5	321	321
SAELLK	1	6	322	322
SAEFG	0	5	323	323
SADETPR	1	7	324	324
SAALQAG	1	7	325	325
S	0	1	326	326
RWDGRG	0	6	327	327
RVF	0	3	328	328
RV	0	2	329	329
RT	0	2	330	330
RS	0	2	331	331
RRR	0	3	332	332
RRPPPFFF	0	8	333	333
RRPPGF	0	6	334	334
RRPPFFF	0	7	335	335
RRPPFF	0	6	336	336
RRPP	0	4	337	337
RRPFF	0	5	338	338
RRLL	1	4	339	339
RR	0	2	340	340
RQ	0	2	341	341
RPWHR	0	5	342	342
RPRVVR	1	6	343	343
RPPVVR	1	6	344	344
RPPPFFF	0	7	345	345
RPPFIV	0	6	346	346
RPNPFENR	1	8	347	347
RPLGNC	1	6	348	348
RPKHPIKHQGLPQ	0	13	349	349
RPKHPIKHQ	0	9	350	350
RPKHPIK	0	7	351	351
RPIKPPGPPINPK	1	13	352	352
RPHR	0	4	353	353
RPGGFF	0	6	354	354
RPGFF	0	5	355	355
RPGF	0	4	356	356
RPGAGQPPRR	1	10	357	357
RPG	0	3	358	358
RPFG	0	4	359	359
RPFFRPFFRPFF	0	12	360	360
RPFFRPFF	0	8	361	361
RPFFGG	0	6	362	362
RPFF	0	4	363	363
RPF	0	3	364	364
RP	0	2	365	365
RM	0	2	366	366
RLGSSEVEQVQ	1	11	367	367
RL	1	2	368	368
RKYEEVAR	1	8	369	369
RKE	1	3	370	370
RK	0	2	371	371
RIQELEDLLE	1	10	372	372
RIINPEGQQ	0	9	373	373
RIEAQNKPF	1	9	374	374
RI	0	2	375	375
RGPPGIG	0	7	376	376
RGPPGGV	0	7	377	377
RGPPGGGFF	0	9	378	378
RGPPGGFF	0	8	379	379
RGPPGGF	0	7	380	380
RGPPGFG	0	7	381	381
RGPPGFF	0	7	382	382
RGPPGF	0	6	383	383
RGPPFIVRGPPFIV	0	14	384	384
RGPPFIVGG	0	9	385	385
RGPPFIV	0	7	386	386
RGPPFIIV	0	8	387	387
RGPPFI	0	6	388	388
RGPPFGG	0	7	389	389
RGPPFFF	0	7	390	390
RGPPFF	0	6	391	391
RGPPF	0	5	392	392
RGPKPIIV	0	8	393	393
RGPGPIIV	0	8	394	394
RGPFPIV	0	7	395	395
RGPFPIIV	0	8	396	396
RGPFPI	0	6	397	397
RGPFIV	0	6	398	398
RGPEPIIV	0	8	399	399
RGP	0	3	400	400
RGGFIV	0	6	401	401
RGG	1	3	402	402
RGFGGAR	1	7	403	403
RGFF	0	4	404	404
RGEPNND	1	7	405	405
RGENESEEEGAIVT	1	14	406	406
RGENESDEQGAIVT	1	14	407	407
RGENESDEFGAIVT	1	14	408	408
RG	0	2	409	409
RFRQGD	1	6	410	410
RFPHADF	0	7	411	411
RFGF	0	4	412	412
RFESF	1	5	413	413
RF	0	2	414	414
REFDDLPLH	0	9	415	415
REESDFQSSF	1	10	416	416
RE	0	2	417	417
RDWPDARG	1	8	418	418
RDNPHW	1	6	419	419
RDMPIQAFLLY	0	11	420	420
RDH	1	3	421	421
RDETLDDW	1	8	422	422
RD	1	2	423	423
RADSYNPR	1	8	424	424
RA	0	2	425	425
R	0	1	426	426
QVAIAHRDAK	1	10	427	427
QTFNTEEDTAK	1	11	428	428
QTDEYGNPVH	1	10	429	429
QSKVLPVPQ	0	9	430	430
QRIPAGTTY	1	9	431	431
QR	0	2	432	432
QQPVLGPVRGPFPI	0	14	433	433
QPVLGPVRGPFPIIV	0	15	434	434
QPFP	0	4	435	435
QP	1	2	436	436
QNQLDQMPR	1	9	437	437
QNDF	1	4	438	438
QLSELLRAGSSPNL	1	14	439	439
QLQ	1	3	440	440
QLFNPSTNPWHSP	0	13	441	441
QLFNPSTNPWH	0	11	442	442
QLFNPSTNP	0	9	443	443
QLFNPS	0	6	444	444
QLFGPNVNPWHNP	0	13	445	445
QL	1	2	446	446
QKLPEKPER	1	9	447	447
QIVK	1	4	448	448
QISPYRRI	1	8	449	449
QIEELEGK	1	8	450	450
QGGDF	1	5	451	451
QFLR	1	4	452	452
QF	1	2	453	453
QEVEISRR	0	8	454	454
QEQEAKKR	1	8	455	455
QEPVLGPVRGPFPII	0	15	456	456
QEGW	1	4	457	457
QEEL	1	4	458	458
QEEK	1	4	459	459
QDTW	1	4	460	460
QDSIGS	1	6	461	461
QDF	1	3	462	462
QCM	1	3	463	463
QAEADMAR	1	8	464	464
QAEADAR	1	7	465	465
Q	1	1	466	466
PYP	0	3	467	467
PY	0	2	468	468
PVVSGARRMMVPR	0	13	469	469
PVRGPFPIIV	0	10	470	470
PVLVQR	0	6	471	471
PVLGPVRGPFPIIV	0	14	472	472
PVLGPV	0	6	473	473
PVARMCR	1	7	474	474
PV	0	2	475	475
PTVEVDLH	1	8	476	476
PSIDD	1	5	477	477
PSG	1	3	478	478
PSE	1	3	479	479
PS	0	2	480	480
PRTDIPGVVEK	1	11	481	481
PR	0	2	482	482
PQFAPEED	1	8	483	483
PPQEAAQF	1	8	484	484
PPP	0	3	485	485
PPMF	1	4	486	486
PPG	0	3	487	487
PPFL	0	4	488	488
PPFIV	0	5	489	489
PPF	0	3	490	490
PP	0	2	491	491
PLA	1	3	492	492
PL	0	2	493	493
PKLLLLPKP	1	9	494	494
PKESEKPN	1	8	495	495
PKALSAFK	1	8	496	496
PK	0	2	497	497
PIYEGY	1	6	498	498
PIP	0	3	499	499
PI	0	2	500	500
PHEMQ	1	5	501	501
PGWETYRK	1	8	502	502
PGSVQEINRL	1	10	503	503
PGRGCPGN	1	8	504	504
PGR	0	3	505	505
PGPPVLPPNFK	0	11	506	506
PGPIP	0	5	507	507
PGPGPG	0	6	508	508
PGPG	0	4	509	509
PGPAGPAGP	1	9	510	510
PGP	0	3	511	511
PGI	0	3	512	512
PGGVRNG	1	7	513	513
PGG	0	3	514	514
PGD	1	3	515	515
PG	0	2	516	516
PFSPQ	0	5	517	517
PFPP	0	4	518	518
PFPIIV	0	6	519	519
PFPGPIPNS	0	9	520	520
PFPGPIP	0	7	521	521
PFPGPI	0	6	522	522
PFP	0	3	523	523
PFIV	0	4	524	524
PFGQQ	0	5	525	525
PFGNTHNNFK	1	10	526	526
PF	0	2	527	527
PEVF	0	4	528	528
PET	1	3	529	529
PEGADKPNK	1	9	530	530
PEG	1	3	531	531
PEEL	1	4	532	532
PEDVIMGAF	1	9	533	533
PECGLVVG	1	8	534	534
PE	1	2	535	535
PDWEDWNPK	1	9	536	536
PDVQAAFQK	1	9	537	537
PDSRIQDD	1	8	538	538
PDKPNT	1	6	539	539
PDFP	0	4	540	540
PC	0	2	541	541
PAYQVDKGN	1	9	542	542
PAQ	1	3	543	543
PAATIPE	1	7	544	544
PAA	1	3	545	545
PA	0	2	546	546
P	0	1	547	547
NYYQQKPVA	0	9	548	548
NY	1	2	549	549
NWDDMEKIWHHTF	0	13	550	550
NWDDMEK	1	7	551	551
NVVGET	1	6	552	552
NVVAGSDLR	1	9	553	553
NVNPWHN	1	7	554	554
NVIVK	1	5	555	555
NVDPF	0	5	556	556
NTC	0	3	557	557
NSLEGEFKG	1	9	558	558
NSDSM	1	5	559	559
NRTF	1	4	560	560
NQS	1	3	561	561
NQITKPNDVY	0	10	562	562
NQEGLFR	1	7	563	563
NP	1	2	564	564
NNP	1	3	565	565
NNENQLDEYQR	1	11	566	566
NNEDT	0	5	567	567
NN	1	2	568	568
NMKF	1	4	569	569
NMAINPSKENL	1	11	570	570
NLRDNYRF	1	8	571	571
NLQG	0	4	572	572
NLLRFF	0	6	573	573
NLKGGDDLDPNYVL	0	14	574	574
NLHLPLPLLQS	0	11	575	575
NKHGSGK	1	7	576	576
NKF	1	3	577	577
NIIGA	1	5	578	578
NH	0	2	579	579
NGKET	1	5	580	580
NGG	1	3	581	581
NFNNQLDQQTPR	0	12	582	582
NFHHGD	1	6	583	583
NER	1	3	584	584
NENLL	0	5	585	585
NEFGYSNR	1	8	586	586
NDDGW	1	5	587	587
NAVPITPTLNREQ	1	13	588	588
NAVPIPTPTLNREQ	1	14	589	589
NARIEELEEE	1	10	590	590
NAMK	1	4	591	591
NALPW	0	5	592	592
NALPS	0	5	593	593
NALPR	0	5	594	594
NALPP	0	5	595	595
NALPL	0	5	596	596
NALPE	0	5	597	597
NALPD	0	5	598	598
NALNDITSL	0	9	599	599
NALKSVECYDAR	1	12	600	600
NALKPDNRIES	1	11	601	601
NALEPDHRVE	0	10	602	602
NAL	0	3	603	603
NAEG	1	4	604	604
N	1	1	605	605
MTNLLEDLSFR	1	11	606	606
MTLERPW	1	7	607	607
MSG	1	3	608	608
MS	1	2	609	609
MR	0	2	610	610
MQAMKLEK	1	8	611	611
MPFPKYPVEPF	0	11	612	612
MPFPKYPVEP	0	10	613	613
MNLHLSF	1	7	614	614
MLKKKKLA	1	8	615	615
MKIEKENAL	0	9	616	616
MI	0	2	617	617
MGPENGV	1	7	618	618
MEREQEESTMR	1	11	619	619
MEIDD	1	5	620	620
ME	1	2	621	621
MDAIKKMQ	1	8	622	622
MAMQKIFAR	1	9	623	623
MAASGDVGK	1	9	624	624
M	0	1	625	625
LYER	1	4	626	626
LYANNVL	1	7	627	627
LY	0	2	628	628
LW	0	2	629	629
LVYPFPGPIHN	0	11	630	630
LVTGGDSGIGR	1	11	631	631
LVNNDDRDSY	1	10	632	632
LVLPGELAK	1	9	633	633
LVL	0	3	634	634
LVKGGLIP	1	8	635	635
LVG	1	3	636	636
LVDKL	1	5	637	637
LV	1	2	638	638
LTPEPEH	1	7	639	639
LTLF	1	4	640	640
LTFVER	1	6	641	641
LT	0	2	642	642
LSSPATLNSR	0	10	643	643
LSERYP	1	6	644	644
LSE	1	3	645	645
LSDSM	1	5	646	646
LS	0	2	647	647
LRP	0	3	648	648
LRL	0	3	649	649
LRF	0	3	650	650
LREY	1	4	651	651
LR	0	2	652	652
LQS	1	3	653	653
LQPLNAH	1	7	654	654
LQL	0	3	655	655
LQKF	0	4	656	656
LQ	0	2	657	657
LPVDE	1	5	658	658
LPQE	0	4	659	659
LPPP	0	4	660	660
LPPL	0	4	661	661
LPLQDVYK	1	8	662	662
LPLQDAH	1	7	663	663
LPLQD	1	5	664	664
LPLPLLQSW	0	9	665	665
LPLLEEAFLSR	1	11	666	666
LPKILLLQLV	0	10	667	667
LPKERLYV	1	8	668	668
LPGVAE	1	6	669	669
LPGD	1	4	670	670
LPG	1	3	671	671
LPFSQL	0	6	672	672
LPFQRL	1	6	673	673
LPFNQL	0	6	674	674
LPFDQL	0	6	675	675
LPEGAF	1	6	676	676
LPEEV	1	5	677	677
LPDSM	1	5	678	678
LPDP	1	4	679	679
LPDEPSR	0	7	680	680
LPDEAR	1	6	681	681
LP	0	2	682	682
LMSL	1	4	683	683
LM	1	2	684	684
LLRLKK	0	6	685	685
LLPGELAK	0	8	686	686
LLMLVV	1	6	687	687
LLLPGELAK	1	9	688	688
LLLPGELAF	1	9	689	689
LLLLPKP	1	7	690	690
LLLL	0	4	691	691
LLLHALL	0	7	692	692
LLL	0	3	693	693
LLG	0	3	694	694
LLF	0	3	695	695
LLEEKLK	1	7	696	696
LLDAFFFDNK	1	10	697	697
LL	0	2	698	698
LKYPLE	1	6	699	699
LKEAHDVA	1	8	700	700
LKDGQAQ	1	7	701	701
LK	0	2	702	702
LIDVDGKPQ	1	9	703	703
LI	0	2	704	704
LHLPLPLLQS	0	10	705	705
LHLPLPLL	0	8	706	706
LHLPLP	0	6	707	707
LH	1	2	708	708
LGYLEQLL	0	8	709	709
LGLR	1	4	710	710
LGLDGF	1	6	711	711
LGL	0	3	712	712
LGKSEDDVSK	1	10	713	713
LGGPL	1	5	714	714
LGGGG	0	5	715	715
LGGG	0	4	716	716
LGG	0	3	717	717
LGEYGFQNALIVR	1	13	718	718
LGEETF	1	6	719	719
LGDVLVR	1	7	720	720
LGAGGSLA	1	8	721	721
LG	0	2	722	722
LFEQHPEYRK	1	10	723	723
LF	0	2	724	724
LERM	1	4	725	725
LEQLL	0	5	726	726
LEQL	1	4	727	727
LELR	1	4	728	728
LEL	0	3	729	729
LEHA	1	4	730	730
LEF	1	3	731	731
LEER	1	4	732	732
LEEL	1	4	733	733
LEEELEAERA	1	10	734	734
LEEEL	1	5	735	735
LEDKVE	1	6	736	736
LE	1	2	737	737
LDYY	0	4	738	738
LDSPATPEK	1	9	739	739
LDL	1	3	740	740
LDIDDGF	1	7	741	741
LDFR	1	4	742	742
LDF	1	3	743	743
LDEVIERAN	1	9	744	744
LDELEK	1	6	745	745
LDDGR	1	5	746	746
LDDALR	1	6	747	747
LD	0	2	748	748
LAKVH	1	5	749	749
LAGNQEEE	0	8	750	750
LAGE	1	4	751	751
LAELK	1	5	752	752
LADW	1	4	753	753
LADVEEDK	1	8	754	754
LA	1	2	755	755
L	1	1	756	756
KVVITAPSS	1	9	757	757
KVLPVPQKAVPYPQ	0	14	758	758
KVDVDSLK	1	8	759	759
KTGLSPDQF	1	9	760	760
KTDLNFENL	1	9	761	761
KSQAKEVK	1	8	762	762
KSLEEA	1	6	763	763
KSIDDVEE	1	8	764	764
KSAEN	1	5	765	765
KR	0	2	766	766
KPWIQPK	0	7	767	767
KPPIHSGRTPVTGY	1	14	768	768
KPPFIV	0	6	769	769
KPK	0	3	770	770
KPGKPTRPN	1	9	771	771
KPF	0	3	772	772
KP	0	2	773	773
KLNDAQAPK	1	9	774	774
KLHENIAR	0	8	775	775
KKMFETES	1	8	776	776
KIDE	1	4	777	777
KGSLAEEE	1	8	778	778
KGSLADEE	1	8	779	779
KGRYER	1	6	780	780
KGNEESLA	1	8	781	781
KGGGGP	1	6	782	782
KGDEESLA	1	8	783	783
KGDEE	1	5	784	784
KGD	0	3	785	785
KG	1	2	786	786
KF	0	2	787	787
KETLEQEKSG	1	10	788	788
KER	0	3	789	789
KEPNRQWTPR	1	10	790	790
KENINELSK	1	9	791	791
KEMQKN	1	6	792	792
KEE	1	3	793	793
KEDVPSERY	0	9	794	794
KE	1	2	795	795
KDRTIDEDEF	1	10	796	796
KDLFDPVIQD	1	10	797	797
KDGGGGK	1	7	798	798
KDFPEAHSQAT	0	11	799	799
KCGQ	1	4	800	800
KAVPYPQ	0	7	801	801
KAVPYPPQ	0	8	802	802
KAPSTM	1	6	803	803
KALSEELDN	1	9	804	804
KALSEEL	1	7	805	805
KAKLSSGDV	1	9	806	806
KAEVQLDGGK	0	10	807	807
KAELE	1	5	808	808
KAELDLH	1	7	809	809
K	0	1	810	810
IW	0	2	811	811
IVPN	0	4	812	812
IVGRPRHQG	0	9	813	813
IVD	1	3	814	814
IV	0	2	815	815
ITTDTPEL	1	8	816	816
ITLEPGDMIH	1	10	817	817
IT	0	2	818	818
ISWCFTY	1	7	819	819
ISPPVVAY	0	8	820	820
ISKEK	1	5	821	821
ISIEDVEESRNK	1	12	822	822
IS	0	2	823	823
IR	0	2	824	824
IQQDDCK	1	7	825	825
IQKELQF	1	7	826	826
IQKEDVPS	0	8	827	827
IQEL	1	4	828	828
IQ	0	2	829	829
IPVNKPGRF	1	9	830	830
IPPLTQTPVVVPP	0	13	831	831
IPPL	0	4	832	832
IPIPATKT	1	8	833	833
IPH	1	3	834	834
IPAVF	0	5	835	835
IP	0	2	836	836
INTIASGEPT	0	10	837	837
INLPIQTFSALNFR	1	14	838	838
INKPGL	1	6	839	839
INH	0	3	840	840
INEL	1	4	841	841
IN	0	2	842	842
IMEALAGAGIDPRR	1	14	843	843
IL	0	2	844	844
IKQD	1	4	845	845
IKDPSAPHGL	1	10	846	846
IKDPHVD	1	7	847	847
IK	0	2	848	848
IIVFGRQLL	1	9	849	849
IIVDAYGGA	0	9	850	850
IINSFTQDDEK	0	11	851	851
IIAPPER	1	7	852	852
II	0	2	853	853
IH	1	2	854	854
IGTLAGA	0	7	855	855
IGPGLGR	1	7	856	856
IGPDVVIGPN	0	10	857	857
IGGIGTVPVGR	0	11	858	858
IGDM	1	4	859	859
IGAEVYHNLK	1	10	860	860
IG	0	2	861	861
IF	0	2	862	862
IEEAEHRADN	1	10	863	863
IEE	1	3	864	864
IE	1	2	865	865
IDVDGKPQIQ	1	10	866	866
IDEQHPR	1	7	867	867
IDDLEDE	1	7	868	868
ID	1	2	869	869
IAKYIPI	0	7	870	870
IA	0	2	871	871
I	1	1	872	872
HYKGSSF	1	7	873	873
HWDRSNWF	1	8	874	874
HVRRK	1	5	875	875
HVKELE	1	6	876	876
HV	1	2	877	877
HSISDLQ	1	7	878	878
HS	1	2	879	879
HPHFVR	1	6	880	880
HNESQN	1	6	881	881
HN	0	2	882	882
HLYHPVPIEE	1	10	883	883
HLQLAIR	1	7	884	884
HLPLPLLQS	0	9	885	885
HLPLPLLQ	0	8	886	886
HLFCHNK	1	7	887	887
HLEEEIK	1	7	888	888
HLDDALR	0	7	889	889
HKIPVKY	1	7	890	890
HKDDSPDLPK	1	10	891	891
HHYE	1	4	892	892
HGEDKEGE	1	8	893	893
HGDWPLPT	0	8	894	894
HFR	0	3	895	895
HEWQH	1	5	896	896
HEKLSEESEE	1	10	897	897
HEGEQGQEG	1	9	898	898
HEEGKIL	1	7	899	899
HEEDKEGE	1	8	900	900
HEAL	1	4	901	901
HEAEEVHEE	1	9	902	902
HDVDFH	1	6	903	903
HCHTN	1	5	904	904
HANR	1	4	905	905
H	0	1	906	906
GYY	0	3	907	907
GYSFTTTAER	1	10	908	908
GYSFLLAER	0	9	909	909
GYLIRK	1	6	910	910
GYG	0	3	911	911
GY	0	2	912	912
GW	0	2	913	913
GVV	0	3	914	914
GVNAMLRK	1	8	915	915
GV	0	2	916	916
GTVKIPPKRPP	1	11	917	917
GTGSFFPK	1	8	918	918
GSQPAEGAK	0	9	919	919
GSNRFET	1	7	920	920
GSEDPLPGAK	1	10	921	921
GSDPLNEEERN	1	11	922	922
GSAQA	1	5	923	923
GRVSNCAA	1	8	924	924
GRP	0	3	925	925
GR	0	2	926	926
GQEDYDRLRPL	1	11	927	927
GPVRGPFPIIV	0	11	928	928
GPVRGPFP	0	8	929	929
GPVGYGYEY	0	9	930	930
GPVGYGYE	1	8	931	931
GPTVEEVD	1	8	932	932
GPTAANRM	1	8	933	933
GPSGKLW	0	7	934	934
GPPVGPIKF	1	9	935	935
GPPFIV	0	6	936	936
GPPF	0	4	937	937
GPGCKAGL	1	8	938	938
GPG	0	3	939	939
GPFPVI	0	6	940	940
GPFPILV	1	7	941	941
GPFPILN	1	7	942	942
GPFPIIV	0	7	943	943
GPFPII	0	6	944	944
GPFPI	0	5	945	945
GPFP	0	4	946	946
GPFF	0	4	947	947
GPDPER	1	6	948	948
GPAGPAGPR	1	9	949	949
GP	0	2	950	950
GNPWEKARP	1	9	951	951
GNPDIEHP	0	8	952	952
GMIYPG	0	6	953	953
GLY	0	3	954	954
GLPD	1	4	955	955
GLLPDGTPR	1	9	956	956
GLL	0	3	957	957
GLGGG	0	5	958	958
GLGG	0	4	959	959
GLG	0	3	960	960
GLEDEVSKQR	1	10	961	961
GLE	1	3	962	962
GL	0	2	963	963
GKVQPEDNKGVF	1	12	964	964
GKKRSEAPPHIF	1	12	965	965
GKKRQEAPPHIF	1	12	966	966
GKHQQEEENEGG	0	12	967	967
GKEKVNELSK	1	10	968	968
GIQKELQF	1	8	969	969
GIPAWGY	0	7	970	970
GID	1	3	971	971
GI	0	2	972	972
GHPVAITA	1	8	973	973
GHGD	1	4	974	974
GHENQR	1	6	975	975
GHDGPFG	1	7	976	976
GGY	1	3	977	977
GGVVV	0	5	978	978
GGV	0	3	979	979
GGRPFFGG	0	8	980	980
GGRPFF	0	6	981	981
GGRGPPFIVGG	0	11	982	982
GGRGPPFIV	0	9	983	983
GGR	1	3	984	984
GGPG	1	4	985	985
GGP	0	3	986	986
GGNP	1	4	987	987
GGLSIITPPERQA	0	13	988	988
GGLRIINPEGQQQ	0	13	989	989
GGLRIINPEG	0	10	990	990
GGLGG	0	5	991	991
GGLG	0	4	992	992
GGL	0	3	993	993
GGKLVVDGHAIT	1	12	994	994
GGKATIIHAQ	1	10	995	995
GGISTGNLN	0	9	996	996
GGIGTVPVGRVETG	1	14	997	997
GGGS	0	4	998	998
GGGLG	0	5	999	999
GGGL	0	4	1000	1000
GGGGL	0	5	1001	1001
GGGE	1	4	1002	1002
GGFFGG	0	6	1003	1003
GGFF	0	4	1004	1004
GGF	0	3	1005	1005
GGE	1	3	1006	1006
GGA	0	3	1007	1007
GFSSEFLA	0	8	1008	1008
GFSFTTTAER	1	10	1009	1009
GFP	0	3	1010	1010
GFLGPQ	1	6	1011	1011
GFGPE	1	5	1012	1012
GFGDSCTPGKNER	1	13	1013	1013
GFG	0	3	1014	1014
GFF	0	3	1015	1015
GFAE	1	4	1016	1016
GF	0	2	1017	1017
GEVED	1	5	1018	1018
GEVDDSIQE	1	9	1019	1019
GETGEAGERG	1	10	1020	1020
GETGEAGER	1	9	1021	1021
GESMTDGF	1	8	1022	1022
GENEEEDSGAIVTVK	1	15	1023	1023
GEIDEFLPAPR	0	11	1024	1024
GEI	1	3	1025	1025
GEG	1	3	1026	1026
GEDFDNKLV	1	9	1027	1027
GE	1	2	1028	1028
GDVDPF	0	6	1029	1029
GDVCRCLG	1	8	1030	1030
GDG	1	3	1031	1031
GD	1	2	1032	1032
GCG	1	3	1033	1033
GAVEDLERVK	1	10	1034	1034
GATGRDGAR	0	9	1035	1035
GANQLDPR	1	8	1036	1036
GALEQILQDFE	1	11	1037	1037
GALEQILQ	1	8	1038	1038
GAL	0	3	1039	1039
GAG	0	3	1040	1040
GAEPVFR	1	7	1041	1041
GAA	0	3	1042	1042
G	0	1	1043	1043
FYPELFR	0	7	1044	1044
FYPELF	0	6	1045	1045
FYPE	0	4	1046	1046
FY	0	2	1047	1047
FW	0	2	1048	1048
FVVAPFPEVFR	0	11	1049	1049
FVT	1	3	1050	1050
FVPISGW	1	7	1051	1051
FVGLQER	1	7	1052	1052
FVAKIKGKEQ	0	10	1053	1053
FV	0	2	1054	1054
FTKK	0	4	1055	1055
FTERVQ	1	6	1056	1056
FSGLDGSK	1	8	1057	1057
FSGLDGAK	1	8	1058	1058
FSADQIEDYR	0	10	1059	1059
FREGDL	1	6	1060	1060
FREGDI	1	6	1061	1061
FRDEHQ	1	6	1062	1062
FRDEH	1	5	1063	1063
FQP	0	3	1064	1064
FQLSAER	1	7	1065	1065
FQKVVA	1	6	1066	1066
FQEY	1	4	1067	1067
FQ	0	2	1068	1068
FPPFIV	0	6	1069	1069
FPP	0	3	1070	1070
FPK	0	3	1071	1071
FPGIPDHL	0	8	1072	1072
FPGDFTPEVH	0	10	1073	1073
FPF	0	3	1074	1074
FPEE	1	4	1075	1075
FP	0	2	1076	1076
FNKEE	1	5	1077	1077
FNEIIKETST	1	10	1078	1078
FMSALF	1	6	1079	1079
FLNQDEEAR	1	9	1080	1080
FLL	0	3	1081	1081
FLDR	1	4	1082	1082
FL	0	2	1083	1083
FKKFP	1	5	1084	1084
FIYDVLEDPVE	0	11	1085	1085
FIV	0	3	1086	1086
FI	0	2	1087	1087
FHHGD	1	5	1088	1088
FGGF	0	4	1089	1089
FGG	0	3	1090	1090
FGFG	0	4	1091	1091
FGF	0	3	1092	1092
FGEKL	1	5	1093	1093
FG	0	2	1094	1094
FFVAPFPEVFGK	0	12	1095	1095
FFVAPFPEVF	0	10	1096	1096
FFSDKIAK	0	8	1097	1097
FFRPFFRPFFRPFF	0	14	1098	1098
FFRPFFRPFF	0	10	1099	1099
FFPR	0	4	1100	1100
FFPP	0	4	1101	1101
FFPGG	0	5	1102	1102
FFPG	0	4	1103	1103
FFPE	0	4	1104	1104
FFGG	0	4	1105	1105
FFG	0	3	1106	1106
FFF	0	3	1107	1107
FF	0	2	1108	1108
FEGGSIE	0	7	1109	1109
FEF	1	3	1110	1110
FEEPQQPQQRG	1	11	1111	1111
FEE	1	3	1112	1112
FED	1	3	1113	1113
FEA	0	3	1114	1114
FE	1	2	1115	1115
FDSL	1	4	1116	1116
FDRL	1	4	1117	1117
FDGK	1	4	1118	1118
FDGF	1	4	1119	1119
FDFWDGR	1	7	1120	1120
FDELLEK	1	7	1121	1121
FDDP	0	4	1122	1122
FDDLP	1	5	1123	1123
FDDGWESR	1	8	1124	1124
FCEIIAILK	1	9	1125	1125
FAPEF	0	5	1126	1126
FALPQYLKT	0	9	1127	1127
FALPQYLK	0	8	1128	1128
FAGDDAPRAVFPS	1	13	1129	1129
FAGDDAPR	1	8	1130	1130
FADNVFAL	1	8	1131	1131
FADL	1	4	1132	1132
F	0	1	1133	1133
EYPPLGRFA	1	9	1134	1134
EYPPLGR	1	7	1135	1135
EY	1	2	1136	1136
EWVPVTK	1	7	1137	1137
EW	0	2	1138	1138
EVY	0	3	1139	1139
EVVLQ	1	5	1140	1140
EVPELN	1	6	1141	1141
EVNYDFGGK	1	9	1142	1142
EVLN	0	4	1143	1143
EVHEEEVH	1	8	1144	1144
EVG	0	3	1145	1145
EVDELRSYSSLMK	0	13	1146	1146
EVC	1	3	1147	1147
EVAEALDAPKTT	1	12	1148	1148
EV	1	2	1149	1149
ET	1	2	1150	1150
ESVIVEISKK	1	10	1151	1151
ESV	1	3	1152	1152
ESPERPFL	1	8	1153	1153
ESLA	1	4	1154	1154
ESKIL	1	5	1155	1155
ESHQQTLDD	1	9	1156	1156
ESE	1	3	1157	1157
ESCAPQL	1	7	1158	1158
ES	1	2	1159	1159
ERYLGYLEQ	0	9	1160	1160
ERRY	1	4	1161	1161
ER	0	2	1162	1162
EQYEEEQEAK	1	10	1163	1163
EQRQQEGVIVEL	1	12	1164	1164
EQQQQ	1	5	1165	1165
EQPQQNE	0	7	1166	1166
EQLSTSEENSK	1	11	1167	1167
EQLEATVQKLDESR	1	14	1168	1168
EQGGEQG	0	7	1169	1169
EQFPGAND	1	8	1170	1170
EQEEYKK	1	7	1171	1171
EQEEL	1	5	1172	1172
EQEEK	1	5	1173	1173
EQE	1	3	1174	1174
EQDNDGNNIFSGFKR	1	15	1175	1175
EPVTLT	1	6	1176	1176
EPVSL	1	5	1177	1177
EPVLGPVRGPFPIIV	0	15	1178	1178
EPLCNQ	1	6	1179	1179
EPL	1	3	1180	1180
EPEPEPEPE	1	9	1181	1181
EPE	1	3	1182	1182
EPAGW	0	5	1183	1183
EPAD	0	4	1184	1184
EP	1	2	1185	1185
ENRKPW	1	6	1186	1186
ENINEL	1	6	1187	1187
ENG	1	3	1188	1188
ENF	0	3	1189	1189
ENE	1	3	1190	1190
EN	1	2	1191	1191
EMQK	1	4	1192	1192
EMH	1	3	1193	1193
ELY	1	3	1194	1194
ELQK	1	4	1195	1195
ELLKLH	1	6	1196	1196
ELL	0	3	1197	1197
ELELQ	1	5	1198	1198
ELEEL	0	5	1199	1199
ELEEELEAERAA	1	12	1200	1200
ELEEELEAERA	1	11	1201	1201
ELEDLLEQTRL	1	11	1202	1202
EL	1	2	1203	1203
EKNRLNFLK	1	9	1204	1204
EK	1	2	1205	1205
EIVPNSVEQK	0	10	1206	1206
EIVPN	0	5	1207	1207
EINEL	1	5	1208	1208
EIKKAALDANEK	1	12	1209	1209
EIEELR	1	6	1210	1210
EI	0	2	1211	1211
EHGK	1	4	1212	1212
EHGE	1	4	1213	1213
EHAMLN	1	6	1214	1214
EGTAG	1	5	1215	1215
EGSTIGLSK	1	9	1216	1216
EGSEAPDGSSR	1	11	1217	1217
EGS	1	3	1218	1218
EGNPAHQK	1	8	1219	1219
EGHDLPADLPDH	1	12	1220	1220
EGG	0	3	1221	1221
EGF	1	3	1222	1222
EGELPR	1	6	1223	1223
EGEEEWDREG	1	10	1224	1224
EGA	1	3	1225	1225
EG	1	2	1226	1226
EFVDIINSRN	0	10	1227	1227
EFLKEQF	1	7	1228	1228
EFKEYN	1	6	1229	1229
EFKDHF	1	6	1230	1230
EFEGGSIEH	1	9	1231	1231
EFDKK	1	5	1232	1232
EF	0	2	1233	1233
EEVPEDWDAKP	1	11	1234	1234
EESLA	1	5	1235	1235
EERAESGES	1	9	1236	1236
EEQEHT	1	6	1237	1237
EEN	0	3	1238	1238
EELNVPG	0	7	1239	1239
EELEEELEAERA	1	12	1240	1240
EEL	1	3	1241	1241
EEKNPLPDAT	1	10	1242	1242
EEK	1	3	1243	1243
EEI	1	3	1244	1244
EEHPVLLTEA	1	10	1245	1245
EEFLK	1	5	1246	1246
EEF	1	3	1247	1247
EEEVVEEVE	1	9	1248	1248
EEEQ	1	4	1249	1249
EEEKPKF	1	7	1250	1250
EEEE	1	4	1251	1251
EEE	1	3	1252	1252
EEDMERSEER	1	10	1253	1253
EEDGK	1	5	1254	1254
EED	1	3	1255	1255
EEAKFN	1	6	1256	1256
EEAK	1	4	1257	1257
EEAEGT	1	6	1258	1258
EE	1	2	1259	1259
EDV	1	3	1260	1260
EDQVF	1	5	1261	1261
EDQK	1	4	1262	1262
EDPFAED	1	7	1263	1263
EDG	1	3	1264	1264
EDF	1	3	1265	1265
EDEIFPR	1	7	1266	1266
EDEGEQPRPF	1	10	1267	1267
EDEDE	1	5	1268	1268
EDE	1	3	1269	1269
EDD	1	3	1270	1270
EDCS	1	4	1271	1271
EDAP	1	4	1272	1272
ED	1	2	1273	1273
ECH	1	3	1274	1274
ECG	1	3	1275	1275
EAVEKPQS	1	8	1276	1276
EATLWDMEEK	1	10	1277	1277
EAPGTYHH	1	8	1278	1278
EANK	1	4	1279	1279
EALEATAQ	1	8	1280	1280
EAGIQ	1	5	1281	1281
EAF	1	3	1282	1282
EAAGL	1	5	1283	1283
EA	1	2	1284	1284
E	1	1	1285	1285
DY	0	2	1286	1286
DWTDDVEAR	1	9	1287	1287
DWDPHGL	1	7	1288	1288
DVVF	1	4	1289	1289
DVTDVTGDRGVTVT	1	14	1290	1290
DVNNPANQLD	1	10	1291	1291
DVNHDGKISIED	1	12	1292	1292
DVL	1	3	1293	1293
DVILPVPAF	1	9	1294	1294
DVFRAIPSEV	1	10	1295	1295
DVELSK	1	6	1296	1296
DV	0	2	1297	1297
DTYNPR	1	6	1298	1298
DTEEVEHGEE	1	10	1299	1299
DTDEPN	0	6	1300	1300
DSTDEKFLR	1	9	1301	1301
DSQ	1	3	1302	1302
DREKFDE	1	7	1303	1303
DR	1	2	1304	1304
DQR	1	3	1305	1305
DQPHFPF	1	7	1306	1306
DQLEKQVK	1	8	1307	1307
DQEDLDESLIGVK	1	13	1308	1308
DQEDDLDESLIGVK	1	14	1309	1309
DQAIPNKPEE	1	10	1310	1310
DPRVI	1	5	1311	1311
DPQ	1	3	1312	1312
DPPFIV	0	6	1313	1313
DPNHFGPADLPDKY	1	14	1314	1314
DPNDPDMKY	1	9	1315	1315
DPLRGGYY	1	8	1316	1316
DPIIQDRHGG	1	10	1317	1317
DPFDQDDWEAWTK	0	13	1318	1318
DPDGW	1	5	1319	1319
DP	1	2	1320	1320
DNW	1	3	1321	1321
DNPNW	1	5	1322	1322
DNLELEDAVHT	1	11	1323	1323
DMIPAQK	0	7	1324	1324
DMC	1	3	1325	1325
DM	0	2	1326	1326
DLTK	1	4	1327	1327
DLSESV	1	6	1328	1328
DLRAD	1	5	1329	1329
DLL	0	3	1330	1330
DLKEKL	1	6	1331	1331
DLAGRDLTDYLMKIL	1	15	1332	1332
DL	1	2	1333	1333
DKYHPGY	1	7	1334	1334
DKDGKGKIPEEY	1	12	1335	1335
DK	1	2	1336	1336
DIQPEER	0	7	1337	1337
DIKQM	0	5	1338	1338
DHAEQDVR	1	8	1339	1339
DGY	0	3	1340	1340
DGV	1	3	1341	1341
DGRGHL	1	6	1342	1342
DGPL	1	4	1343	1343
DGKISIEDVE	1	10	1344	1344
DGKGKIPEEY	1	10	1345	1345
DGGRYY	1	6	1346	1346
DGG	1	3	1347	1347
DGFASD	1	6	1348	1348
DGF	1	3	1349	1349
DGEKVDFDDIQK	0	12	1350	1350
DGEKVDFDD	1	9	1351	1351
DGEKVDF	1	7	1352	1352
DGC	1	3	1353	1353
DG	1	2	1354	1354
DFWDGRDG	1	8	1355	1355
DFWDGRD	1	7	1356	1356
DFWDGR	1	6	1357	1357
DFNALPFK	1	8	1358	1358
DFKSPDDPSRH	0	11	1359	1359
DFKREP	1	6	1360	1360
DFE	1	3	1361	1361
DFDDIQK	1	7	1362	1362
DF	0	2	1363	1363
DETL	1	4	1364	1364
DESNIPDVSKFGY	1	13	1365	1365
DES	1	3	1366	1366
DERF	1	4	1367	1367
DEPLIVW	0	7	1368	1368
DEL	1	3	1369	1369
DEKR	0	4	1370	1370
DEK	1	3	1371	1371
DEGEQPRPFP	1	10	1372	1372
DEGDLDF	1	7	1373	1373
DEEYPDLS	1	8	1374	1374
DEEYPDL	1	7	1375	1375
DEESLA	0	6	1376	1376
DEELNKLL	1	8	1377	1377
DEELNKLK	1	8	1378	1378
DEE	1	3	1379	1379
DEDTQAMP	0	8	1380	1380
DEDFKREP	1	8	1381	1381
DEDEQPRPIP	1	10	1382	1382
DED	1	3	1383	1383
DEAVARGATF	1	10	1384	1384
DE	1	2	1385	1385
DDPKLVH	0	7	1386	1386
DDNK	1	4	1387	1387
DDLDR	1	5	1388	1388
DDL	1	3	1389	1389
DDF	1	3	1390	1390
DDE	1	3	1391	1391
DDDD	1	4	1392	1392
DDD	1	3	1393	1393
DDCPDK	1	6	1394	1394
DDALR	1	5	1395	1395
DD	1	2	1396	1396
DCIY	1	4	1397	1397
DCG	1	3	1398	1398
DATE	1	4	1399	1399
DAT	1	3	1400	1400
DAPYDYK	1	7	1401	1401
DAPLPHPNR	1	9	1402	1402
DAPASGN	1	7	1403	1403
DAP	1	3	1404	1404
DAMDGWFRLE	1	10	1405	1405
DALTN	1	5	1406	1406
DALNVNRHIV	0	10	1407	1407
DALKKK	1	6	1408	1408
DALAHK	1	6	1409	1409
DAL	1	3	1410	1410
DAGVIAGLNVLR	1	12	1411	1411
DAG	1	3	1412	1412
DAFLGSFLYEYSR	1	13	1413	1413
DAE	1	3	1414	1414
DA	1	2	1415	1415
D	1	1	1416	1416
CSQ	1	3	1417	1417
CRD	1	3	1418	1418
CQ	1	2	1419	1419
CPR	0	3	1420	1420
CN	1	2	1421	1421
CMT	0	3	1422	1422
CM	1	2	1423	1423
CKEVVRNANE	0	10	1424	1424
CE	1	2	1425	1425
CDLSD	1	5	1426	1426
CCNKSV	1	6	1427	1427
CALTP	1	5	1428	1428
C	0	1	1429	1429
AYFYPEL	0	7	1430	1430
AY	0	2	1431	1431
AVNPYR	1	6	1432	1432
AVLEEAQKVELK	1	12	1433	1433
AVDNIPVGPN	0	10	1434	1434
AV	0	2	1435	1435
ATQ	1	3	1436	1436
ATNGSR	1	6	1437	1437
ATERGYSF	1	8	1438	1438
AT	1	2	1439	1439
ASNMSDL	1	7	1440	1440
ASLDGEFKG	1	9	1441	1441
ASHLGRPN	0	8	1442	1442
ASEFFR	1	6	1443	1443
ARHPHPHLSFM	0	11	1444	1444
AREIALQELGEQAK	1	14	1445	1445
AREALQELGEQAK	1	13	1446	1446
AR	0	2	1447	1447
AQPT	1	4	1448	1448
AQPA	1	4	1449	1449
AQKDEEKME	1	9	1450	1450
AQALQAQA	1	8	1451	1451
AQ	0	2	1452	1452
APYSGY	1	6	1453	1453
APYLR	0	5	1454	1454
APPERKYS	1	8	1455	1455
APPERKY	1	7	1456	1456
APK	0	3	1457	1457
APFPEVFG	0	8	1458	1458
APFPEVF	0	7	1459	1459
APFPE	0	5	1460	1460
APDFGNR	1	7	1461	1461
APAP	1	4	1462	1462
APA	1	3	1463	1463
ANPGPVRDLR	1	10	1464	1464
AMLEQVAMTDK	1	11	1465	1465
AMKLEKENAL	1	10	1466	1466
AMDDDEADLLLLAM	1	14	1467	1467
AM	0	2	1468	1468
ALVDDDEWGKE	1	11	1469	1469
ALTSLDGEFKG	1	11	1470	1470
ALPEEV	1	6	1471	1471
ALPAEV	1	6	1472	1472
ALEPDHR	0	7	1473	1473
ALDPLPT	0	7	1474	1474
ALDELGT	1	7	1475	1475
ALASLDGEFKG	1	11	1476	1476
AL	0	2	1477	1477
AKYDDIK	1	7	1478	1478
AKLTSLEEECQR	1	12	1479	1479
AKEKFD	1	6	1480	1480
AKALKEEDL	1	9	1481	1481
AITEVDLERAE	1	11	1482	1482
AIA	0	3	1483	1483
AHSVRFY	1	7	1484	1484
AHLDYGDGK	1	9	1485	1485
AH	1	2	1486	1486
AGY	0	3	1487	1487
AGVEDVY	1	7	1488	1488
AGPYPDK	1	7	1489	1489
AGPSIVH	1	7	1490	1490
AGNPDIEHPE	0	10	1491	1491
AGN	1	3	1492	1492
AGLQFPVGR	1	9	1493	1493
AGLELLK	1	7	1494	1494
AGKNTNGSQF	1	10	1495	1495
AGG	0	3	1496	1496
AGFMPLP	1	7	1497	1497
AGFAGRRAPR	0	10	1498	1498
AGFAGDDAPR	1	10	1499	1499
AGE	1	3	1500	1500
AGDDAPR	1	7	1501	1501
AGCD	1	4	1502	1502
AGAGPTP	1	7	1503	1503
AGA	0	3	1504	1504
AFTSYDRT	0	8	1505	1505
AFQWTAWR	0	8	1506	1506
AFGRSIVN	1	8	1507	1507
AFDVQ	1	5	1508	1508
AFDPNDPDMK	1	10	1509	1509
AFDEK	1	5	1510	1510
AF	0	2	1511	1511
AEVKKAP	1	7	1512	1512
AETELGETSQ	1	10	1513	1513
AESHANKHKIPVKY	1	14	1514	1514
AEPE	1	4	1515	1515
AEP	0	3	1516	1516
AELTPEP	1	7	1517	1517
AEKEEEFENT	1	10	1518	1518
AEINKILGN	1	9	1519	1519
AEEVEEERLK	1	10	1520	1520
AEEHVEAVN	1	9	1521	1521
AEDLSTLR	1	8	1522	1522
AEDDWEAW	1	8	1523	1523
AED	1	3	1524	1524
AEASALR	1	7	1525	1525
AEA	1	3	1526	1526
AE	1	2	1527	1527
ADWPR	0	5	1528	1528
ADL	1	3	1529	1529
ADHDLPF	0	7	1530	1530
ADGSTINQNVK	1	11	1531	1531
ADGLWL	1	6	1532	1532
ADE	1	3	1533	1533
ADC	1	3	1534	1534
ADA	1	3	1535	1535
AD	1	2	1536	1536
AAPY	1	4	1537	1537
AAPHENATLH	1	10	1538	1538
AAL	0	3	1539	1539
AAG	0	3	1540	1540
AAEAKLELLE	1	10	1541	1541
AADESERM	1	8	1542	1542
AAA	0	3	1543	1543
AA	0	2	1544	1544
A	1	1	1545	1545
