Sequence	umami	lenth
YYY	0	3
YYGSNSA	1	7
YYG	0	3
YY	0	2
YVVFKD	1	6
YVGDEAQSKRG	1	11
YVDPNVLPE	1	9
YSTHPHF	1	7
YRNTQAILK	1	9
YQQPVLGPVRGPFPIIV	0	17
YQQPVLGPVRGPFPII	0	16
YQQPVLGPVRGPFPI	0	15
YQQKPVAL	0	8
YQEPVLGPVRGPFPIIV	0	17
YQEPVLGPVRGPFPII	0	16
YQEPVLGPVRGPFPI	0	15
YQEPVLGPVRGPFP	0	14
YPVEPFTER	0	9
YPGIADRMQK	1	10
YPFPGPIPNS	0	10
YPFPGPIPN	0	9
YPFPGPIHNS	0	10
YPFPGPIHN	0	9
YPFPGPI	0	7
YPF	0	3
YP	0	2
YNEYPPLGR	1	9
YNEDNGIVK	0	9
YLGYLEQLLR	0	10
YLEQLLR	0	7
YLASCLSSVKEEK	1	13
YL	0	2
YKCKDGDLR	1	9
YGY	0	3
YGLF	0	4
YGGTPPFV	1	8
YGGTPFV	0	7
YGG	0	3
YGESDL	1	6
YG	0	2
YF	0	2
YEGNS	0	5
YEEE	1	4
YEED	1	4
YEAFVK	1	6
YE	0	2
YDTELKLPEESN	1	12
YDSTHGRFKGEVK	1	13
YDQ	1	3
YDAELS	1	6
YADSNIQINGTDR	1	13
Y	1	1
WWW	0	3
WW	0	2
WVNEEDHL	1	8
WPEMDAL	0	7
WPAGE	1	5
WP	0	2
WNNDAFQSSTN	1	11
WMHQPHQPLPPTVMFPPQ	0	18
WL	0	2
WGSEPIRIQ	1	9
WGDL	1	4
WGDDP	1	5
WFKDEEF	1	7
WF	0	2
WEEF	1	4
WE	0	2
WDL	0	3
WDDMEKIWH	1	9
WDDMEK	1	6
W	0	1
VYPFPPIGNH	0	10
VYPFPPGINH	0	10
VYPFPPGIGG	0	10
VYPFPPGI	0	8
VYPFPPG	0	7
VYPFPGPIPN	0	10
VYPFGGGINH	0	10
VYPF	0	4
VYP	0	3
VYETPDR	1	7
VY	0	2
VVYPWTQRF	0	9
VVVV	0	4
VVVPPFLQP	0	9
VVVPPFL	0	7
VVVPP	0	5
VVVGTPGRVF	1	10
VVV	0	3
VVPPFL	0	6
VVLNPVARVE	1	10
VVGET	1	5
VVEGEPSLK	1	9
VVDVLHPN	0	8
VVAPFPEV	0	8
VVAPFPE	0	7
VVAPFP	0	6
VV	1	2
VTADESQQDVLK	1	12
VTADESQQDVLF	1	12
VT	1	2
VRSY	1	4
VRPPIIVGD	0	9
VRGPR	1	5
VRGPFP	0	6
VR	0	2
VQPEDNKGVFQ	1	11
VPY	1	3
VPVDILDHDNN	1	11
VPPFLQPE	0	8
VPPFLQ	0	6
VPPFLE	0	6
VPPFL	0	5
VPNSAEER	0	8
VPLGTQYTDAPSF	0	13
VPGGQEIKDR	0	10
VPGEIVESL	0	9
VPEPEPH	1	7
VPAFLRQARCFS	1	12
VPA	0	3
VP	0	2
VNVDEVGGEALGR	1	13
VNFDGEI	1	7
VLVLDTDYKK	1	10
VLTHGEDKEGE	1	11
VLSLNSGTEAVEAAIK	1	16
VLPVPQKAVPYPQ	0	13
VLPVPQK	1	7
VLPVPQ	0	6
VLPTDQNFILR	1	11
VLALEELLAMPEN	1	13
VL	0	2
VKKVFK	1	6
VKEAMAPK	0	8
VIVK	1	4
VIPFPGR	0	7
VIIPFPGR	0	8
VIIPFPG	0	7
VIILIH	1	6
VIIIIH	1	6
VIIGGGDTAT	0	10
VIGGPQGDAG	0	10
VIFPPGR	0	7
VIFPPG	0	6
VIFGETLTGR	0	10
VIF	0	3
VIEPLDIGDDKVR	0	13
VIDNDPRS	1	8
VI	0	2
VHNEGLPAPIVR	0	12
VGYDAE	1	6
VGV	0	3
VGPDDDEKSW	1	10
VGNEFVTKG	1	9
VGKGAHLSGEH	1	11
VGG	1	3
VG	1	2
VFGKEKVNEL	0	10
VFEWENFAK	0	9
VFDISNADRLG	0	11
VF	1	2
VEVVALND	1	8
VEV	1	3
VESQTNGIIR	0	10
VES	1	3
VENQQLAL	1	8
VENLHLPLPLLQSW	0	14
VENLHLPLPLL	0	11
VEL	1	3
VEH	1	3
VEESRPGAIA	1	10
VEDEDEKPKEK	1	11
VEAL	1	4
VE	1	2
VDW	1	3
VDV	1	3
VDRL	1	4
VDR	1	3
VDNIPVGPN	0	9
VDFDDLHR	1	8
VDF	0	3
VDEYIPTPER	1	10
VDAMVH	1	6
VD	1	2
VAV	1	3
VAQWRKCL	1	8
VAQWR	1	5
VAPFPEVFGKE	0	11
VAPFPE	0	6
VAPFP	0	5
VAPEEHPT	1	8
VAMNPVDHPH	1	10
VAEQE	1	5
VADLMR	1	6
VA	0	2
V	0	1
TYNPR	1	5
TYNPK	1	5
TYLPVH	1	6
TYET	1	4
TWKE	1	4
TVPIYEG	1	7
TVIDAPGHRDFI	1	12
TVGGILIHFL	1	10
TVDGPSH	1	7
TVATFSSSTKPDD	1	13
TVAGGAWTYNTTSAVTVK	1	18
TTLPDK	1	6
TSE	1	3
TRVKEELE	1	8
TREQMIHER	1	9
TR	0	2
TQTPVVVPPFLQPE	0	14
TQTPVVVPPFL	0	11
TPVVVPPFLQPEVM	0	14
TPPKID	1	6
TPLVDR	1	6
TPIVGQPSIPGGPVR	1	15
TPIPDLP	1	7
TPELLH	0	6
TPE	1	3
TPDLLH	0	6
TPDFVR	0	6
TP	0	2
TNWDDMEKIW	0	10
TNAPWYK	0	7
TLTDVEK	1	7
TLRRCM	1	6
TLGGPTTL	1	8
TLFQPSF	1	7
TIVWNGPPG	0	9
TIGHVDHGKTTLT	1	13
THEA	1	4
TGWVDVK	1	7
TGS	1	3
TGLQQGKTYRF	1	11
TGFLPEEYMK	1	10
TGESGAGKTVNTKR	1	14
TGDPEK	1	6
TGC	1	3
TG	0	2
TFYNELRV	0	8
TFYNELR	1	7
TFGGAPSFPLGSPLSSPVFPR	1	21
TFEKP	1	5
TF	0	2
TEYSPGP	1	7
TETKTFTLK	1	9
TESSSE	1	6
TERGYSF	1	7
TEF	1	3
TEEMEEMRRKL	1	11
TEDWGR	1	6
TEALA	1	5
TE	1	2
TDVEQEGD	1	8
TDVENLHLPPLL	0	12
TDVENLHLPLPL	0	12
TDVAHR	1	6
TDLMN	1	5
TDEE	1	4
TDDQVDEIIRN	1	11
TD	1	2
TAY	1	3
T	0	1
SYNPR	1	5
SYELPDGQVITIGNER	1	16
SWLDGK	1	6
SVYGSIYAIA	1	10
SVRIQELEDLLE	1	12
SVRIQELEDL	1	10
SVLGDVGITEVFSDR	1	15
STMLLESER	1	9
STLDAEVR	1	8
STHPHF	1	6
STELFK	1	6
STAN	1	4
SSRNEQSR	1	8
SSRDEQSR	1	8
SSAVK	1	5
SR	0	2
SPVFL	1	5
SPPTEE	1	6
SPFSQ	1	5
SPEEKKEEET	1	10
SPE	1	3
SP	0	2
SNGNE	1	5
SNGDDE	1	6
SM	1	2
SLVYPFPGPIPNSL	0	14
SLVYPFPGPIHNS	0	13
SLSSLMK	1	7
SLMDLEMRDYELTDIS	1	16
SLGFGGPPGY	1	10
SLAKGDEE	1	8
SLADEEKG	1	8
SLA	0	3
SL	0	2
SITRINK	0	7
SIITPPERQ	0	9
SIITPPER	0	8
SIEDVEESRNK	1	11
SIEDEQRSHSE	1	11
SGVVAAVNDAAKDFHG	1	16
SGVQ	0	4
SGN	1	3
SGDAW	1	5
SGCVNEL	1	7
SFG	1	3
SFEAVEAAPT	1	10
SFE	1	3
SF	1	2
SEYPPLGR	0	8
SEPSHF	1	6
SEGR	1	4
SEGGR	1	5
SEFKQRY	1	7
SEETTTGVHH	1	10
SEEK	1	4
SEEG	1	4
SEE	1	3
SEC	0	3
SEASNNK	1	7
SE	1	2
SDSCIR	1	6
SDSCI	1	5
SDRKIPEK	1	8
SDEERMDAL	1	9
SD	1	2
SAEQT	1	5
SAEQK	1	5
SAELLK	1	6
SAEFG	0	5
SADETPR	1	7
SAALQAG	1	7
S	0	1
RWDGRG	0	6
RVF	0	3
RV	0	2
RT	0	2
RS	0	2
RRR	0	3
RRPPPFFF	0	8
RRPPGF	0	6
RRPPFFF	0	7
RRPPFF	0	6
RRPP	0	4
RRPFF	0	5
RRLL	1	4
RR	0	2
RQ	0	2
RPWHR	0	5
RPRVVR	1	6
RPPVVR	1	6
RPPPFFF	0	7
RPPFIV	0	6
RPNPFENR	1	8
RPLGNC	1	6
RPKHPIKHQGLPQ	0	13
RPKHPIKHQ	0	9
RPKHPIK	0	7
RPIKPPGPPINPK	1	13
RPHR	0	4
RPGGFF	0	6
RPGFF	0	5
RPGF	0	4
RPGAGQPPRR	1	10
RPG	0	3
RPFG	0	4
RPFFRPFFRPFF	0	12
RPFFRPFF	0	8
RPFFGG	0	6
RPFF	0	4
RPF	0	3
RP	0	2
RM	0	2
RLGSSEVEQVQ	1	11
RL	1	2
RKYEEVAR	1	8
RKE	1	3
RK	0	2
RIQELEDLLE	1	10
RIINPEGQQ	0	9
RIEAQNKPF	1	9
RI	0	2
RGPPGIG	0	7
RGPPGGV	0	7
RGPPGGGFF	0	9
RGPPGGFF	0	8
RGPPGGF	0	7
RGPPGFG	0	7
RGPPGFF	0	7
RGPPGF	0	6
RGPPFIVRGPPFIV	0	14
RGPPFIVGG	0	9
RGPPFIV	0	7
RGPPFIIV	0	8
RGPPFI	0	6
RGPPFGG	0	7
RGPPFFF	0	7
RGPPFF	0	6
RGPPF	0	5
RGPKPIIV	0	8
RGPGPIIV	0	8
RGPFPIV	0	7
RGPFPIIV	0	8
RGPFPI	0	6
RGPFIV	0	6
RGPEPIIV	0	8
RGP	0	3
RGGFIV	0	6
RGG	1	3
RGFGGAR	1	7
RGFF	0	4
RGEPNND	1	7
RGENESEEEGAIVT	1	14
RGENESDEQGAIVT	1	14
RGENESDEFGAIVT	1	14
RG	0	2
RFRQGD	1	6
RFPHADF	0	7
RFGF	0	4
RFESF	1	5
RF	0	2
REFDDLPLH	0	9
REESDFQSSF	1	10
RE	0	2
RDWPDARG	1	8
RDNPHW	1	6
RDMPIQAFLLY	0	11
RDH	1	3
RDETLDDW	1	8
RD	1	2
RADSYNPR	1	8
RA	0	2
R	0	1
QVAIAHRDAK	1	10
QTFNTEEDTAK	1	11
QTDEYGNPVH	1	10
QSKVLPVPQ	0	9
QRIPAGTTY	1	9
QR	0	2
QQPVLGPVRGPFPI	0	14
QPVLGPVRGPFPIIV	0	15
QPFP	0	4
QP	1	2
QNQLDQMPR	1	9
QNDKIHPFAQTQSLVYPFGPIPNSLPQNIPPLTQTPVVV	0	39
QNDKIHPFAQTQSLVYPFGPIP	0	22
QNDF	1	4
QLSELLRAGSSPNL	1	14
QLQ	1	3
QLFNPSTNPWHSP	0	13
QLFNPSTNPWH	0	11
QLFNPSTNP	0	9
QLFNPS	0	6
QLFGPNVNPWHNP	0	13
QL	1	2
QKLPEKPER	1	9
QIVK	1	4
QISPYRRI	1	8
QIEELEGK	1	8
QGGDF	1	5
QFLR	1	4
QF	1	2
QEVEISRR	0	8
QEQEAKKR	1	8
QEPVLGPVRGPFPIIV	0	16
QEPVLGPVRGPFPII	0	15
QEGW	1	4
QEEL	1	4
QEEK	1	4
QDTW	1	4
QDSIGS	1	6
QDKIHPFAQTQSLVYPFPGPIPNSLPQNIPPLTQTPVVV	0	39
QDKIHPFAQTQSLVYPFPGPIP	0	22
QDKIHPFAQTQSLVYPFPGP	0	20
QDF	1	3
QCM	1	3
QAEADMAR	1	8
QAEADAR	1	7
Q	1	1
PYP	0	3
PY	0	2
PVVSGARRMMVPR	0	13
PVRGPFPIIV	0	10
PVLVQR	0	6
PVLGPVRGPFPIIV	0	14
PVLGPV	0	6
PVARMCR	1	7
PV	0	2
PTVEVDLH	1	8
PSIDD	1	5
PSG	1	3
PSE	1	3
PS	0	2
PRTDIPGVVEK	1	11
PR	0	2
PQFAPEED	1	8
PPQEAAQF	1	8
PPP	0	3
PPMF	1	4
PPG	0	3
PPFL	0	4
PPFIV	0	5
PPF	0	3
PP	0	2
PLA	1	3
PL	0	2
PKLLLLPKP	1	9
PKESEKPN	1	8
PKALSAFK	1	8
PK	0	2
PIYEGY	1	6
PIP	0	3
PI	0	2
PHEMQ	1	5
PGWETYRK	1	8
PGSVQEINRL	1	10
PGRGCPGN	1	8
PGR	0	3
PGPPVLPPNFK	0	11
PGPIP	0	5
PGPGPG	0	6
PGPG	0	4
PGPAGPAGP	1	9
PGP	0	3
PGI	0	3
PGGVRNG	1	7
PGG	0	3
PGD	1	3
PG	0	2
PFSPQ	0	5
PFPP	0	4
PFPIIV	0	6
PFPGPIPNS	0	9
PFPGPIP	0	7
PFPGPI	0	6
PFP	0	3
PFIV	0	4
PFGQQ	0	5
PFGNTHNNFK	1	10
PF	0	2
PEVF	0	4
PET	1	3
PEGADKPNK	1	9
PEG	1	3
PEEL	1	4
PEDVIMGAF	1	9
PECGLVVG	1	8
PE	1	2
PDWEDWNPK	1	9
PDVQAAFQK	1	9
PDSRIQDD	1	8
PDKPNT	1	6
PDFP	0	4
PC	0	2
PAYQVDKGN	1	9
PAQ	1	3
PAATIPE	1	7
PAA	1	3
PA	0	2
P	0	1
NYYQQKPVA	0	9
NY	1	2
NWDDMEKIWHHTF	0	13
NWDDMEK	1	7
NVVGET	1	6
NVVAGSDLR	1	9
NVNPWHN	1	7
NVIVK	1	5
NVDPF	0	5
NTC	0	3
NSLEGEFKG	1	9
NSDSM	1	5
NRTF	1	4
NQS	1	3
NQITKPNDVY	0	10
NQEGLFR	1	7
NP	1	2
NNP	1	3
NNENQLDEYQR	1	11
NNEDT	0	5
NN	1	2
NMKF	1	4
NMAINPSKENL	1	11
NLRDNYRF	1	8
NLQG	0	4
NLLRFF	0	6
NLKGGDDLDPNYVL	0	14
NLHLPLPLLQS	0	11
NLEWIAGGTWTPSALK	1	16
NKHGSGK	1	7
NKF	1	3
NIIGA	1	5
NH	0	2
NGKET	1	5
NGG	1	3
NFNNQLDQQTPR	0	12
NFHHGD	1	6
NER	1	3
NENLL	0	5
NEFGYSNR	1	8
NDDGW	1	5
NAVPITPTLNREQ	1	13
NAVPIPTPTLNREQ	1	14
NARIEELEEE	1	10
NAMK	1	4
NALPW	0	5
NALPS	0	5
NALPR	0	5
NALPP	0	5
NALPL	0	5
NALPE	0	5
NALPD	0	5
NALNDITSL	0	9
NALKSVECYDAR	1	12
NALKPDNRIES	1	11
NALEPDHRVE	0	10
NAL	0	3
NAEG	1	4
N	1	1
MTNLLEDLSFR	1	11
MTLERPW	1	7
MSG	1	3
MS	1	2
MR	0	2
MQAMKLEK	1	8
MPFPKYPVEPF	0	11
MPFPKYPVEP	0	10
MNLHLSF	1	7
MLKKKKLA	1	8
MKIEKENAL	0	9
MI	0	2
MGPENGV	1	7
MEREQEESTMR	1	11
MEIDD	1	5
ME	1	2
MDAIKKMQ	1	8
MAPKHKEMPFPKYPVEPF	0	18
MAMQKIFAR	1	9
MAASGDVGK	1	9
M	0	1
LYER	1	4
LYANNVL	1	7
LY	0	2
LW	0	2
LVYPFPGPIHN	0	11
LVTGGDSGIGR	1	11
LVNNDDRDSY	1	10
LVLPGELAK	1	9
LVL	0	3
LVKGGLIP	1	8
LVG	1	3
LVDKL	1	5
LV	1	2
LTPEPEH	1	7
LTLF	1	4
LTFVER	1	6
LT	0	2
LSSPATLNSR	0	10
LSERYP	1	6
LSE	1	3
LSDSM	1	5
LS	0	2
LRP	0	3
LRL	0	3
LRF	0	3
LREY	1	4
LR	0	2
LQS	1	3
LQPLNAH	1	7
LQL	0	3
LQKF	0	4
LQ	0	2
LPVDE	1	5
LPQE	0	4
LPPP	0	4
LPPL	0	4
LPLQDVYK	1	8
LPLQDAH	1	7
LPLQD	1	5
LPLPLLQSW	0	9
LPLLEEAFLSR	1	11
LPKILLLQLV	0	10
LPKERLYV	1	8
LPGVAE	1	6
LPGD	1	4
LPG	1	3
LPFSQL	0	6
LPFQRL	1	6
LPFNQL	0	6
LPFDQL	0	6
LPEGAF	1	6
LPEEV	1	5
LPDSM	1	5
LPDP	1	4
LPDEPSR	0	7
LPDEAR	1	6
LP	0	2
LMSL	1	4
LM	1	2
LLRLKK	0	6
LLPGELAK	0	8
LLMLVV	1	6
LLLPGELAK	1	9
LLLPGELAF	1	9
LLLLPKP	1	7
LLLL	0	4
LLLHALL	0	7
LLL	0	3
LLG	0	3
LLF	0	3
LLEEKLK	1	7
LLDAFFFDNK	1	10
LL	0	2
LKYPLE	1	6
LKEAHDVA	1	8
LKDGQAQ	1	7
LK	0	2
LIDVDGKPQ	1	9
LI	0	2
LHLPLPLLQS	0	10
LHLPLPLL	0	8
LHLPLP	0	6
LH	1	2
LGYLEQLL	0	8
LGLR	1	4
LGLDGF	1	6
LGL	0	3
LGKSEDDVSK	1	10
LGGPL	1	5
LGGGG	0	5
LGGG	0	4
LGG	0	3
LGEYGFQNALIVR	1	13
LGEETF	1	6
LGDVLVR	1	7
LGAGGSLA	1	8
LG	0	2
LFEQHPEYRK	1	10
LF	0	2
LERM	1	4
LEQLL	0	5
LEQL	1	4
LELR	1	4
LEL	0	3
LEHA	1	4
LEF	1	3
LEER	1	4
LEEL	1	4
LEEELEAERA	1	10
LEEEL	1	5
LEDKVE	1	6
LE	1	2
LDYY	0	4
LDSPATPEK	1	9
LDL	1	3
LDIDDGF	1	7
LDFR	1	4
LDF	1	3
LDEVIERAN	1	9
LDELEK	1	6
LDDGR	1	5
LDDALR	1	6
LD	0	2
LCYVALDFENEMATAASSSSLEK	1	23
LAKVH	1	5
LAGNQEEE	0	8
LAGE	1	4
LAELK	1	5
LADW	1	4
LADVEEDK	1	8
LA	1	2
L	1	1
KYQINGQALNVLFSVFG	1	17
KVVITAPSS	1	9
KVLPVPQKAVPYPQ	0	14
KVDVDSLK	1	8
KTGLSPDQF	1	9
KTDLNFENL	1	9
KSQAKEVK	1	8
KSLEEA	1	6
KSIDDVEE	1	8
KSAEN	1	5
KR	0	2
KPWIQPK	0	7
KPPIHSGRTPVTGY	1	14
KPPFIV	0	6
KPK	0	3
KPGKPTRPN	1	9
KPF	0	3
KP	0	2
KLNDAQAPK	1	9
KLHENIAR	0	8
KKMFETES	1	8
KIDE	1	4
KGSLAEEE	1	8
KGSLADEE	1	8
KGRYER	1	6
KGNEESLA	1	8
KGGGGP	1	6
KGDEESLA	1	8
KGDEE	1	5
KGD	0	3
KG	1	2
KF	0	2
KETLEQEKSG	1	10
KER	0	3
KEPNRQWTPR	1	10
KENINELSK	1	9
KEMQKN	1	6
KEE	1	3
KEDVPSERY	0	9
KE	1	2
KDRTIDEDEF	1	10
KDLFDPVIQD	1	10
KDGGGGK	1	7
KDFPEAHSQAT	0	11
KCGQ	1	4
KAVPYPQ	0	7
KAVPYPPQ	0	8
KAPSTM	1	6
KALSEELDN	1	9
KALSEEL	1	7
KAKLSSGDV	1	9
KAEVQLDGGK	0	10
KAELE	1	5
KAELDLH	1	7
K	0	1
IW	0	2
IVPN	0	4
IVGRPRHQG	0	9
IVD	1	3
IV	0	2
ITTDTPEL	1	8
ITLEPGDMIH	1	10
IT	0	2
ISWCFTY	1	7
ISPPVVAY	0	8
ISKEK	1	5
ISIEDVEESRNK	1	12
IS	0	2
IR	0	2
IQQDDCK	1	7
IQKELQF	1	7
IQKEDVPS	0	8
IQEL	1	4
IQ	0	2
IPVNKPGRF	1	9
IPPLTQTPVVVPP	0	13
IPPL	0	4
IPIPATKT	1	8
IPH	1	3
IPAVF	0	5
IP	0	2
INTIASGEPT	0	10
INLPIQTFSALNFR	1	14
INKPGL	1	6
INH	0	3
INEL	1	4
IN	0	2
IMEALAGAGIDPRR	1	14
IL	0	2
IKQD	1	4
IKDPSAPHGL	1	10
IKDPHVD	1	7
IK	0	2
IIVFGRQLL	1	9
IIVDAYGGA	0	9
IINSFTQDDEK	0	11
IIAPPER	1	7
II	0	2
IH	1	2
IGTLAGA	0	7
IGPGLGR	1	7
IGPDVVIGPN	0	10
IGGIGTVPVGR	0	11
IGDM	1	4
IGAEVYHNLK	1	10
IG	0	2
IF	0	2
IEEAEHRADN	1	10
IEE	1	3
IE	1	2
IDVDGKPQIQ	1	10
IDEQHPR	1	7
IDDLEDE	1	7
ID	1	2
IAKYIPI	0	7
IA	0	2
I	1	1
HYKGSSF	1	7
HWDRSNWF	1	8
HVRRK	1	5
HVKELE	1	6
HV	1	2
HSISDLQ	1	7
HS	1	2
HQQEEENEGGSILSGF	1	16
HPHFVR	1	6
HNESQN	1	6
HN	0	2
HLYHPVPIEE	1	10
HLQLAIR	1	7
HLPLPLLQS	0	9
HLPLPLLQ	0	8
HLFCHNK	1	7
HLEEEIK	1	7
HLDDALR	0	7
HKIPVKY	1	7
HKDDSPDLPK	1	10
HHYE	1	4
HGEDKEGE	1	8
HGDWPLPT	0	8
HFR	0	3
HEWQH	1	5
HEKLSEESEE	1	10
HEGEQGQEG	1	9
HEEGKIL	1	7
HEEDKEGE	1	8
HEAL	1	4
HEAEEVHEE	1	9
HDVDFH	1	6
HCHTN	1	5
HANR	1	4
H	0	1
GYY	0	3
GYSFTTTAER	1	10
GYSFLLAER	0	9
GYLIRK	1	6
GYG	0	3
GY	0	2
GW	0	2
GVV	0	3
GVNAMLRK	1	8
GV	0	2
GTVKIPPKRPP	1	11
GTGSFFPK	1	8
GSQPAEGAK	0	9
GSNRFET	1	7
GSEDPLPGAK	1	10
GSDPLNEEERN	1	11
GSAQA	1	5
GRVSNCAA	1	8
GRP	0	3
GR	0	2
GQEDYDRLRPL	1	11
GPVRGPFPIIV	0	11
GPVRGPFP	0	8
GPVGYGYEY	0	9
GPVGYGYE	1	8
GPTVEEVD	1	8
GPTAANRM	1	8
GPSGKLW	0	7
GPPVGPIKF	1	9
GPPFIV	0	6
GPPF	0	4
GPGCKAGL	1	8
GPG	0	3
GPFPVI	0	6
GPFPILV	1	7
GPFPILN	1	7
GPFPIIV	0	7
GPFPII	0	6
GPFPI	0	5
GPFP	0	4
GPFF	0	4
GPDPER	1	6
GPAGPAGPR	1	9
GP	0	2
GNPWEKARP	1	9
GNPDIEHP	0	8
GMIYPG	0	6
GLY	0	3
GLPD	1	4
GLLPDGTPR	1	9
GLL	0	3
GLGGG	0	5
GLGG	0	4
GLG	0	3
GLEDEVSKQR	1	10
GLE	1	3
GL	0	2
GKVQPEDNKGVF	1	12
GKKRSEAPPHIF	1	12
GKKRQEAPPHIF	1	12
GKHQQEEENEGG	0	12
GKEKVNELSK	1	10
GIQKELQF	1	8
GIPAWGY	0	7
GID	1	3
GI	0	2
GHPVAITA	1	8
GHGD	1	4
GHENQR	1	6
GHDGPFG	1	7
GGY	1	3
GGVVV	0	5
GGV	0	3
GGRPFFGG	0	8
GGRPFF	0	6
GGRGPPFIVGG	0	11
GGRGPPFIV	0	9
GGR	1	3
GGPG	1	4
GGP	0	3
GGNP	1	4
GGLSIITPPERQA	0	13
GGLRIINPEGQQQ	0	13
GGLRIINPEG	0	10
GGLGG	0	5
GGLG	0	4
GGL	0	3
GGKLVVDGHAIT	1	12
GGKATIIHAQ	1	10
GGISTGNLN	0	9
GGIGTVPVGRVETG	1	14
GGGS	0	4
GGGLG	0	5
GGGL	0	4
GGGGL	0	5
GGGE	1	4
GGFFGG	0	6
GGFF	0	4
GGF	0	3
GGE	1	3
GGA	0	3
GFSSEFLA	0	8
GFSFTTTAER	1	10
GFP	0	3
GFLGPQ	1	6
GFGPE	1	5
GFGDSCTPGKNER	1	13
GFG	0	3
GFF	0	3
GFAE	1	4
GF	0	2
GEVED	1	5
GEVDDSIQE	1	9
GETGEAGERG	1	10
GETGEAGER	1	9
GESMTDGF	1	8
GENEEEDSGAIVTVK	1	15
GEIDEFLPAPR	0	11
GEI	1	3
GEG	1	3
GEDFDNKLV	1	9
GE	1	2
GDVDPF	0	6
GDVCRCLG	1	8
GDG	1	3
GD	1	2
GCG	1	3
GAVEDLERVK	1	10
GATGRDGAR	0	9
GANQLDPR	1	8
GALEQILQDFE	1	11
GALEQILQ	1	8
GAL	0	3
GAG	0	3
GAEPVFR	1	7
GAAPPPPPPPGALGSFALAAAA	1	22
GAA	0	3
G	0	1
FYPELFR	0	7
FYPELF	0	6
FYPE	0	4
FY	0	2
FW	0	2
FVVAPFPEVFR	0	11
FVT	1	3
FVPISGW	1	7
FVGLQER	1	7
FVAKIKGKEQ	0	10
FV	0	2
FTKK	0	4
FTERVQ	1	6
FSGLDGSK	1	8
FSGLDGAK	1	8
FSADQIEDYR	0	10
FREGDL	1	6
FREGDI	1	6
FRDEHQ	1	6
FRDEH	1	5
FQP	0	3
FQLSAER	1	7
FQKVVA	1	6
FQEY	1	4
FQ	0	2
FPPFIV	0	6
FPP	0	3
FPK	0	3
FPGIPDHL	0	8
FPGDFTPEVH	0	10
FPF	0	3
FPEE	1	4
FP	0	2
FNKEE	1	5
FNEIIKETST	1	10
FMSALF	1	6
FLNQDEEAR	1	9
FLL	0	3
FLDR	1	4
FL	0	2
FKKFP	1	5
FIYDVLEDPVE	0	11
FIV	0	3
FI	0	2
FHHGD	1	5
FGGF	0	4
FGG	0	3
FGFG	0	4
FGF	0	3
FGEKL	1	5
FG	0	2
FFVAPFPEVFGK	0	12
FFVAPFPEVF	0	10
FFSDKIAK	0	8
FFRPFFRPFFRPFF	0	14
FFRPFFRPFF	0	10
FFPR	0	4
FFPP	0	4
FFPGG	0	5
FFPG	0	4
FFPE	0	4
FFGG	0	4
FFG	0	3
FFF	0	3
FF	0	2
FEGGSIE	0	7
FEF	1	3
FEEPQQPQQRG	1	11
FEE	1	3
FED	1	3
FEA	0	3
FE	1	2
FDSL	1	4
FDRL	1	4
FDGK	1	4
FDGF	1	4
FDFWDGR	1	7
FDELLEK	1	7
FDDP	0	4
FDDLP	1	5
FDDGWESR	1	8
FCEIIAILK	1	9
FAPEF	0	5
FALPQYLKT	0	9
FALPQYLK	0	8
FAGDDAPRAVFPS	1	13
FAGDDAPR	1	8
FADNVFAL	1	8
FADL	1	4
F	0	1
EYPPLGRFA	1	9
EYPPLGR	1	7
EY	1	2
EWVPVTK	1	7
EW	0	2
EVY	0	3
EVVLQ	1	5
EVPELN	1	6
EVNYDFGGK	1	9
EVLN	0	4
EVHEEEVH	1	8
EVG	0	3
EVDELRSYSSLMK	0	13
EVC	1	3
EVAEALDAPKTT	1	12
EV	1	2
ET	1	2
ESVIVEISKK	1	10
ESV	1	3
ESPERPFL	1	8
ESLA	1	4
ESKIL	1	5
ESHQQTLDD	1	9
ESE	1	3
ESCAPQL	1	7
ES	1	2
ERYLGYLEQ	0	9
ERRY	1	4
ER	0	2
EQYEEEQEAK	1	10
EQRQQEGVIVEL	1	12
EQQQQ	1	5
EQPQQNE	0	7
EQLSTSEENSK	1	11
EQLEATVQKLDESR	1	14
EQGGEQG	0	7
EQFPGAND	1	8
EQEEYKK	1	7
EQEEL	1	5
EQEEK	1	5
EQE	1	3
EQDNDGNNIFSGFKR	1	15
EPVTLT	1	6
EPVSL	1	5
EPVLGPVRGPFPIIV	0	15
EPLCNQ	1	6
EPL	1	3
EPEPEPEPE	1	9
EPE	1	3
EPAGW	0	5
EPAD	0	4
EP	1	2
ENRKPW	1	6
ENINEL	1	6
ENG	1	3
ENF	0	3
ENE	1	3
EN	1	2
EMQK	1	4
EMH	1	3
ELY	1	3
ELQK	1	4
ELLKLH	1	6
ELL	0	3
ELELQ	1	5
ELEEL	0	5
ELEEELEAERAA	1	12
ELEEELEAERA	1	11
ELEDLLEQTRL	1	11
EL	1	2
EKNRLNFLK	1	9
EK	1	2
EIVPNSVEQK	0	10
EIVPN	0	5
EINEL	1	5
EIKKAALDANEK	1	12
EIEELR	1	6
EI	0	2
EHGK	1	4
EHGE	1	4
EHAMLN	1	6
EGTAG	1	5
EGSTIGLSK	1	9
EGSEAPDGSSR	1	11
EGS	1	3
EGNPAHQK	1	8
EGHDLPADLPDH	1	12
EGG	0	3
EGF	1	3
EGELPR	1	6
EGEEEWDREG	1	10
EGA	1	3
EG	1	2
EFVDIINSRN	0	10
EFLKEQF	1	7
EFKEYN	1	6
EFKDHF	1	6
EFEGGSIEH	1	9
EFDKK	1	5
EF	0	2
EEVPEDWDAKP	1	11
EESLA	1	5
EERAESGES	1	9
EEQEHT	1	6
EEN	0	3
EELNVPG	0	7
EELEEELEAERA	1	12
EEL	1	3
EEKNPLPDAT	1	10
EEK	1	3
EEI	1	3
EEHPVLLTEA	1	10
EEFLK	1	5
EEF	1	3
EEEVVEEVE	1	9
EEEQ	1	4
EEEKPKF	1	7
EEEE	1	4
EEE	1	3
EEDMERSEER	1	10
EEDGK	1	5
EED	1	3
EEAKFN	1	6
EEAK	1	4
EEAEGT	1	6
EE	1	2
EDV	1	3
EDQVF	1	5
EDQK	1	4
EDPFAED	1	7
EDG	1	3
EDF	1	3
EDEIFPR	1	7
EDEGEQPRPF	1	10
EDEDE	1	5
EDE	1	3
EDD	1	3
EDCS	1	4
EDAP	1	4
ED	1	2
ECH	1	3
ECG	1	3
EAVEKPQS	1	8
EATLWDMEEK	1	10
EAPGTYHH	1	8
EANK	1	4
EALEATAQ	1	8
EAGIQ	1	5
EAF	1	3
EAAGL	1	5
EA	1	2
E	1	1
DY	0	2
DWTDDVEAR	1	9
DWDPHGL	1	7
DVVF	1	4
DVTDVTGDRGVTVT	1	14
DVNNPANQLD	1	10
DVNHDGKISIED	1	12
DVL	1	3
DVILPVPAF	1	9
DVFRAIPSEV	1	10
DVELSK	1	6
DV	0	2
DTYNPR	1	6
DTEEVEHGEE	1	10
DTDEPN	0	6
DSTDEKFLR	1	9
DSQ	1	3
DREKFDE	1	7
DR	1	2
DQR	1	3
DQPHFPF	1	7
DQLEKQVK	1	8
DQEDLDESLIGVK	1	13
DQEDDLDESLIGVK	1	14
DQAIPNKPEE	1	10
DPRVI	1	5
DPQ	1	3
DPPFIV	0	6
DPNHFGPADLPDKY	1	14
DPNDPDMKY	1	9
DPLRGGYY	1	8
DPIIQDRHGG	1	10
DPFDQDDWEAWTK	0	13
DPDGW	1	5
DP	1	2
DNW	1	3
DNPNW	1	5
DNLELEDAVHT	1	11
DMIPAQK	0	7
DMC	1	3
DM	0	2
DLYANTVLSGGTTMFPGIADR	1	21
DLTK	1	4
DLSESV	1	6
DLRAD	1	5
DLL	0	3
DLKEKL	1	6
DLAGRDLTDYLMKIL	1	15
DL	1	2
DKYHPGY	1	7
DKDGKGKIPEEY	1	12
DK	1	2
DIQPEER	0	7
DIKQM	0	5
DHAEQDVR	1	8
DGY	0	3
DGV	1	3
DGRGHL	1	6
DGPL	1	4
DGKISIEDVE	1	10
DGKGKIPEEY	1	10
DGGRYY	1	6
DGG	1	3
DGFASD	1	6
DGF	1	3
DGEKVDFDDIQK	0	12
DGEKVDFDD	1	9
DGEKVDF	1	7
DGC	1	3
DG	1	2
DFWDGRDG	1	8
DFWDGRD	1	7
DFWDGR	1	6
DFNALPFK	1	8
DFKSPDDPSRH	0	11
DFKREP	1	6
DFE	1	3
DFDDIQK	1	7
DF	0	2
DETL	1	4
DESNIPDVSKFGY	1	13
DES	1	3
DERF	1	4
DEPLIVW	0	7
DEL	1	3
DEKR	0	4
DEK	1	3
DEGEQPRPFP	1	10
DEGDLDF	1	7
DEEYPDLS	1	8
DEEYPDL	1	7
DEESLA	0	6
DEELNKLL	1	8
DEELNKLK	1	8
DEE	1	3
DEDTQAMP	0	8
DEDFKREP	1	8
DEDEQPRPIP	1	10
DED	1	3
DEAVARGATF	1	10
DE	1	2
DDPKLVH	0	7
DDNK	1	4
DDLDR	1	5
DDL	1	3
DDF	1	3
DDE	1	3
DDDD	1	4
DDD	1	3
DDCPDK	1	6
DDALR	1	5
DD	1	2
DCIY	1	4
DCG	1	3
DATE	1	4
DAT	1	3
DAPYDYK	1	7
DAPLPHPNR	1	9
DAPASGN	1	7
DAP	1	3
DAMDGWFRLE	1	10
DALTN	1	5
DALNVNRHIV	0	10
DALKKK	1	6
DALAHK	1	6
DAL	1	3
DAGVIAGLNVLR	1	12
DAG	1	3
DAFLGSFLYEYSR	1	13
DAE	1	3
DA	1	2
D	1	1
CTPNSPSAIPFLISSARDIFLR	1	22
CTPNSPSAIPFLISSARDIFLE	1	22
CSQ	1	3
CRD	1	3
CQ	1	2
CPR	0	3
CN	1	2
CMT	0	3
CM	1	2
CKEVVRNANE	0	10
CE	1	2
CDLSD	1	5
CCNKSV	1	6
CALTP	1	5
C	0	1
AYFYPEL	0	7
AY	0	2
AVNPYR	1	6
AVLEEAQKVELK	1	12
AVDNIPVGPN	0	10
AV	0	2
ATQ	1	3
ATNGSR	1	6
ATERGYSF	1	8
AT	1	2
ASNMSDL	1	7
ASLDGEFKG	1	9
ASHLGRPN	0	8
ASEFFR	1	6
ASCNGVCSPFDIPPCGSPLCRCIPVGLVIGKCRNPYG	0	37
ARHPHPHLSFM	0	11
AREIALQELGEQAK	1	14
AREALQELGEQAK	1	13
AR	0	2
AQTQSLVYPFPGPIPNSLPQNIPPLTQ	0	27
AQPT	1	4
AQPA	1	4
AQKDEEKME	1	9
AQALQAQA	1	8
AQ	0	2
APYSGY	1	6
APYLR	0	5
APPERKYS	1	8
APPERKY	1	7
APKHKEMPFPKYPVEPF	0	17
APK	0	3
APHGKEMPFPKYPVEPF	0	17
APFPEVFG	0	8
APFPEVF	0	7
APFPE	0	5
APDFGNR	1	7
APAP	1	4
APA	1	3
ANPGPVRDLR	1	10
AMLEQVAMTDK	1	11
AMKLEKENAL	1	10
AMDDDEADLLLLAM	1	14
AMAPKHKEMPFPKYPVEPF	0	19
AM	0	2
ALVDDDEWGKE	1	11
ALTSLDGEFKG	1	11
ALPEEV	1	6
ALPAEV	1	6
ALEPDHR	0	7
ALDPLPT	0	7
ALDELGT	1	7
ALASLDGEFKG	1	11
AL	0	2
AKYDDIK	1	7
AKLTSLEEECQR	1	12
AKEKFD	1	6
AKALKEEDL	1	9
AITEVDLERAE	1	11
AIPPKKNQDKTEIPTINTIASGEPT	0	25
AIPPKKNQDKTEIPTIN	0	17
AIA	0	3
AHSVRFY	1	7
AHLDYGDGK	1	9
AH	1	2
AGY	0	3
AGVEDVY	1	7
AGPYPDK	1	7
AGPSIVH	1	7
AGNPDIEHPE	0	10
AGN	1	3
AGLQFPVGR	1	9
AGLELLK	1	7
AGKNTNGSQF	1	10
AGG	0	3
AGFMPLP	1	7
AGFAGRRAPR	0	10
AGFAGDDAPR	1	10
AGE	1	3
AGDDAPR	1	7
AGCD	1	4
AGAGPTP	1	7
AGA	0	3
AFTSYDRT	0	8
AFQWTAWR	0	8
AFGRSIVN	1	8
AFDVQ	1	5
AFDPNDPDMK	1	10
AFDEK	1	5
AF	0	2
AEVKKAP	1	7
AETELGETSQ	1	10
AESHANKHKIPVKY	1	14
AEPE	1	4
AEP	0	3
AELTPEP	1	7
AEKEEEFENT	1	10
AEINKILGN	1	9
AEEVEEERLK	1	10
AEEHVEAVN	1	9
AEDLSTLR	1	8
AEDDWEAW	1	8
AED	1	3
AEASALR	1	7
AEA	1	3
AE	1	2
ADWPR	0	5
ADL	1	3
ADHDLPF	0	7
ADGSTINQNVK	1	11
ADGLWL	1	6
ADE	1	3
ADC	1	3
ADA	1	3
AD	1	2
AAPY	1	4
AAPHENATLH	1	10
AAL	0	3
AAGAGPGSLPRGAGGGGLLGASF	1	23
AAG	0	3
AAEAKLELLE	1	10
AADESERM	1	8
AAA	0	3
AA	0	2
A	1	1
